FAT_YEARMONTH,FAT_DAY,FAT_TIME,FATALITY_ID,EVENT_ID,FATALITY_TYPE,FATALITY_DATE,FATALITY_AGE,FATALITY_SEX,FATALITY_LOCATION,EVENT_YEARMONTH
201801,1,0,34680,727675,D,1/1/2018 0:00,27,F,Outside/Open Areas,201801
201801,1,0,35076,726052,D,1/1/2018 0:00,52,F,Outside/Open Areas,201801
201801,1,0,34619,726403,D,1/1/2018 0:00,49,M,Outside/Open Areas,201801
201801,1,0,34620,726404,D,1/1/2018 0:00,,M,Outside/Open Areas,201801
201801,1,0,34989,731601,D,1/1/2018 0:00,55,M,Outside/Open Areas,201801
201801,1,0,35182,737791,D,1/1/2018 0:00,,,Outside/Open Areas,201801
201801,1,0,35190,738328,I,1/1/2018 0:00,21,M,Vehicle/Towed Trailer,201801
201801,1,0,35189,738329,D,1/1/2018 0:00,,M,Outside/Open Areas,201801
201801,1,0,34671,727655,D,1/1/2018 0:00,27,F,Outside/Open Areas,201712
201801,2,0,35224,736999,D,1/2/2018 0:00,,,Outside/Open Areas,201801
201801,2,0,35226,737000,D,1/2/2018 0:00,,,Outside/Open Areas,201801
201801,2,0,35227,739886,D,1/2/2018 0:00,,,Outside/Open Areas,201801
201801,2,0,35175,733015,D,1/2/2018 0:00,45,F,Outside/Open Areas,201801
201801,2,0,35073,734806,D,1/2/2018 0:00,60,F,Outside/Open Areas,201801
201801,2,0,35171,737519,I,1/2/2018 0:00,64,M,Vehicle/Towed Trailer,201801
201801,3,0,34676,727673,D,1/3/2018 0:00,75,M,Outside/Open Areas,201801
201801,3,0,35288,727674,D,1/3/2018 0:00,88,F,Outside/Open Areas,201801
201801,3,0,34622,726483,D,1/3/2018 0:00,21,M,In Water,201801
201801,3,0,34991,731599,D,1/3/2018 0:00,57,F,Outside/Open Areas,201801
201801,3,0,34990,731600,D,1/3/2018 0:00,96,F,Outside/Open Areas,201801
201801,3,0,35092,737092,I,1/3/2018 0:00,57,M,Vehicle/Towed Trailer,201801
201801,3,0,35093,737092,I,1/3/2018 0:00,73,M,Vehicle/Towed Trailer,201801
201801,4,0,34623,726215,I,1/4/2018 0:00,20,M,Vehicle/Towed Trailer,201801
201801,4,0,34618,726225,I,1/4/2018 0:00,29,M,Vehicle/Towed Trailer,201801
201801,4,0,34992,731598,D,1/4/2018 0:00,65,F,Outside/Open Areas,201801
201801,4,0,34684,727804,D,1/4/2018 0:00,57,M,Outside/Open Areas,201801
201801,5,0,35022,733846,D,1/5/2018 0:00,46,F,Outside/Open Areas,
201801,5,0,35090,737012,I,1/5/2018 0:00,36,F,Outside/Open Areas,201801
201801,6,0,35089,734468,I,1/6/2018 0:00,14,M,Outside/Open Areas,201801
201801,7,0,35074,734809,D,1/7/2018 0:00,19,M,Outside/Open Areas,201801
201801,8,0,34626,726786,I,1/8/2018 0:00,56,M,Vehicle/Towed Trailer,201801
201801,8,0,35136,737106,I,1/8/2018 0:00,23,F,Vehicle/Towed Trailer,201801
201801,9,0,35038,734679,I,1/9/2018 0:00,,,Vehicle/Towed Trailer,201801
201801,9,0,35039,734679,I,1/9/2018 0:00,,,Vehicle/Towed Trailer,201801
201801,9,0,35091,736574,I,1/9/2018 0:00,65,M,Outside/Open Areas,201801
201801,9,0,37803,737349,D,1/9/2018 0:00,,,Unknown,201801
201801,9,0,37804,737349,D,1/9/2018 0:00,,,Unknown,201801
201801,9,0,37805,737349,D,1/9/2018 0:00,,,Unknown,201801
201801,9,0,37806,737349,D,1/9/2018 0:00,,,Unknown,201801
201801,9,0,37807,737349,D,1/9/2018 0:00,,,Unknown,201801
201801,9,0,37808,737349,D,1/9/2018 0:00,,,Unknown,201801
201801,9,0,37809,737349,D,1/9/2018 0:00,,,Unknown,201801
201801,9,0,37810,737349,D,1/9/2018 0:00,,,Unknown,201801
201801,9,0,37811,737349,D,1/9/2018 0:00,,,Unknown,201801
201801,9,0,37812,737349,D,1/9/2018 0:00,,,Unknown,201801
201801,9,0,37813,737349,D,1/9/2018 0:00,,,Unknown,201801
201801,9,0,37814,737349,D,1/9/2018 0:00,,,Unknown,201801
201801,9,0,37815,737349,D,1/9/2018 0:00,,,Unknown,201801
201801,9,0,37816,737349,D,1/9/2018 0:00,,,Unknown,201801
201801,9,0,37817,737349,D,1/9/2018 0:00,,,Unknown,201801
201801,9,0,37818,737349,D,1/9/2018 0:00,,,Unknown,201801
201801,9,0,37819,737349,D,1/9/2018 0:00,,,Unknown,201801
201801,9,0,37820,737349,D,1/9/2018 0:00,,,Unknown,201801
201801,9,0,37821,737349,D,1/9/2018 0:00,,,Unknown,201801
201801,9,0,37822,737349,D,1/9/2018 0:00,,,Unknown,201801
201801,9,0,37823,737349,D,1/9/2018 0:00,,,Unknown,201801
201801,10,0,34681,727697,I,1/10/2018 0:00,35,M,Vehicle/Towed Trailer,201801
201801,10,0,35077,735911,D,1/10/2018 0:00,59,M,Vehicle/Towed Trailer,201801
201801,10,0,35162,737434,D,1/10/2018 0:00,36,M,Vehicle/Towed Trailer,201801
201801,11,0,34688,728269,I,1/11/2018 0:00,82,F,Vehicle/Towed Trailer,201801
201801,12,0,34631,727203,I,1/12/2018 0:00,,M,Outside/Open Areas,201801
201801,12,0,34926,727233,D,1/12/2018 0:00,18,F,Vehicle/Towed Trailer,201801
201801,12,0,34927,727233,D,1/12/2018 0:00,56,M,Vehicle/Towed Trailer,201801
201801,12,0,35014,728565,D,1/12/2018 0:00,82,M,Outside/Open Areas,201801
201801,12,0,35183,737796,D,1/12/2018 0:00,,,Outside/Open Areas,201801
201801,13,0,34968,731057,I,1/13/2018 0:00,31,F,Vehicle/Towed Trailer,201801
201801,15,0,37854,727489,I,1/15/2018 0:00,52,M,Vehicle/Towed Trailer,201801
201801,15,0,37855,727489,I,1/15/2018 0:00,35,M,Vehicle/Towed Trailer,201801
201801,16,0,35228,737656,D,1/16/2018 0:00,,M,Outside/Open Areas,201801
201801,17,0,34824,727703,D,1/17/2018 0:00,52,F,Outside/Open Areas,201801
201801,17,0,35232,739887,D,1/17/2018 0:00,82,F,Outside/Open Areas,201801
201801,17,0,35083,727488,D,1/17/2018 0:00,69,M,Outside/Open Areas,201801
201801,17,0,35084,727488,D,1/17/2018 0:00,57,F,Outside/Open Areas,201801
201801,17,0,35066,731727,I,1/17/2018 0:00,48,M,Outside/Open Areas,201801
201801,17,0,35020,733767,I,1/17/2018 0:00,48,M,Outside/Open Areas,201801
201801,17,0,35021,733767,I,1/17/2018 0:00,63,M,Vehicle/Towed Trailer,201801
201801,17,0,35067,735408,I,1/17/2018 0:00,57,M,Outside/Open Areas,201801
201801,17,0,35068,735409,I,1/17/2018 0:00,0,M,Vehicle/Towed Trailer,201801
201801,17,0,35085,735822,I,1/17/2018 0:00,6,M,Outside/Open Areas,201801
201801,17,0,35139,737398,D,1/17/2018 0:00,72,F,Permanent Structure,201801
201801,17,0,35181,737640,D,1/17/2018 0:00,84,M,Permanent Home,201801
201801,18,0,34649,727604,I,1/18/2018 0:00,26,M,Vehicle/Towed Trailer,201801
201801,18,0,36149,737864,D,1/18/2018 0:00,46,M,Other,201801
201801,18,0,36147,788039,D,1/18/2018 0:00,46,M,Other,201801
201801,20,0,35161,737438,D,1/20/2018 0:00,46,M,Vehicle/Towed Trailer,201801
201801,21,0,34686,727985,D,1/21/2018 0:00,27,M,Outside/Open Areas,201801
201801,21,0,34687,728128,I,1/21/2018 0:00,60,M,Vehicle/Towed Trailer,201801
201801,21,0,35165,737466,D,1/21/2018 0:00,,M,In Water,201801
201801,24,0,34923,729040,I,1/24/2018 0:00,25,M,Outside/Open Areas,201801
201801,24,0,35060,734908,I,1/24/2018 0:00,41,M,Vehicle/Towed Trailer,201801
201801,24,0,35061,734912,I,1/24/2018 0:00,,M,Vehicle/Towed Trailer,201801
201801,24,0,35062,734912,I,1/24/2018 0:00,,,Vehicle/Towed Trailer,201801
201801,25,0,35167,737504,D,1/25/2018 0:00,68,F,Outside/Open Areas,201801
201801,26,0,34941,730198,I,1/26/2018 0:00,26,F,In Water,201801
201802,2,0,35279,743249,D,2/2/2018 0:00,70,F,Other,201802
201802,2,0,35280,743249,D,2/2/2018 0:00,61,F,Other,201802
201802,3,0,35264,731151,I,2/3/2018 0:00,15,F,Vehicle/Towed Trailer,201802
201802,3,0,35265,731151,I,2/3/2018 0:00,19,M,Vehicle/Towed Trailer,201802
201802,3,0,35248,740978,I,2/3/2018 0:00,22,M,Vehicle/Towed Trailer,201802
201802,3,0,35249,740979,I,2/3/2018 0:00,17,F,Vehicle/Towed Trailer,201802
201802,3,0,35250,740979,I,2/3/2018 0:00,13,F,Vehicle/Towed Trailer,201802
201802,3,0,34937,730122,I,2/3/2018 0:00,27,M,Vehicle/Towed Trailer,201802
201802,3,0,34938,730122,I,2/3/2018 0:00,56,M,Vehicle/Towed Trailer,201802
201802,3,0,34939,730122,I,2/3/2018 0:00,77,F,Vehicle/Towed Trailer,201802
201802,3,0,34940,730122,I,2/3/2018 0:00,34,M,Vehicle/Towed Trailer,201802
201802,3,0,34936,730135,I,2/3/2018 0:00,54,F,Vehicle/Towed Trailer,201802
201802,4,0,34944,730218,I,2/4/2018 0:00,55,M,Vehicle/Towed Trailer,201802
201802,4,0,34947,730219,I,2/4/2018 0:00,63,F,Vehicle/Towed Trailer,201802
201802,5,0,35009,732556,I,2/5/2018 0:00,73,M,Vehicle/Towed Trailer,201802
201802,5,0,35290,743879,D,2/5/2018 0:00,59,M,In Water,201802
201802,6,0,35255,741419,D,2/6/2018 0:00,22,M,Outside/Open Areas,201802
201802,9,0,34950,730295,I,2/9/2018 0:00,57,M,Outside/Open Areas,201802
201802,10,0,34951,730812,I,2/10/2018 0:00,42,M,Vehicle/Towed Trailer,201802
201802,12,0,34996,731690,I,2/12/2018 0:00,53,F,Vehicle/Towed Trailer,201802
201802,17,0,35223,739742,D,2/17/2018 0:00,30,M,Outside/Open Areas,201802
201802,18,0,35023,734019,D,2/18/2018 0:00,74,M,Outside/Open Areas,201802
201802,18,0,35275,742615,D,2/18/2018 0:00,74,M,Other,201802
201802,19,0,35266,731146,I,2/19/2018 0:00,31,F,Vehicle/Towed Trailer,201802
201802,20,0,35239,737304,I,2/20/2018 0:00,18,M,Vehicle/Towed Trailer,201802
201802,20,0,35268,742240,D,2/20/2018 0:00,47,M,Vehicle/Towed Trailer,201802
201802,20,0,35287,743753,I,2/20/2018 0:00,52,F,In Water,
201802,21,0,35274,742595,D,2/21/2018 0:00,53,M,Vehicle/Towed Trailer,201802
201802,22,0,35278,743238,I,2/22/2018 0:00,50,,Vehicle/Towed Trailer,201802
201802,23,0,35284,743137,I,2/23/2018 0:00,,M,Vehicle/Towed Trailer,201802
201802,24,0,35215,737279,D,2/24/2018 0:00,77,M,Vehicle/Towed Trailer,201802
201802,24,0,35272,735022,D,2/24/2018 0:00,79,F,Permanent Home,201802
201802,24,0,37373,736714,D,2/24/2018 0:00,69,M,Vehicle/Towed Trailer,201802
201802,24,0,35270,738582,D,2/24/2018 0:00,83,M,Mobile/Trailer Home,201802
201802,24,0,35369,747628,D,2/24/2018 0:00,38,F,Boating,
201802,25,0,35267,733561,I,2/25/2018 0:00,21,M,Camping,201802
201802,25,0,36055,784378,I,2/25/2018 0:00,6,M,In Water,201802
201803,1,0,36016,782826,D,3/1/2018 0:00,8,M,In Water,201803
201803,1,0,35320,744184,D,3/1/2018 0:00,11,M,Permanent Structure,201803
201803,2,0,35261,740887,D,3/2/2018 0:00,45,M,Vehicle/Towed Trailer,201803
201803,2,0,35362,746515,D,3/2/2018 0:00,6,M,Mobile/Trailer Home,201803
201803,2,0,35358,746598,D,3/2/2018 0:00,44,M,Vehicle/Towed Trailer,201803
201803,2,0,35033,734042,D,3/2/2018 0:00,57,M,Vehicle/Towed Trailer,201803
201803,2,0,35036,734333,D,3/2/2018 0:00,41,M,Outside/Open Areas,201803
201803,2,0,35329,746559,D,3/2/2018 0:00,77,F,Outside/Open Areas,201803
201803,2,0,35321,733643,D,3/2/2018 0:00,25,M,Vehicle/Towed Trailer,201803
201803,7,0,37849,743596,I,3/7/2018 0:00,49,F,Vehicle/Towed Trailer,201803
201803,7,0,35302,744214,D,3/7/2018 0:00,,,Outside/Open Areas,201803
201803,8,0,37850,743586,I,3/8/2018 0:00,34,M,Vehicle/Towed Trailer,201803
201803,8,0,37851,743586,I,3/8/2018 0:00,43,M,Vehicle/Towed Trailer,201803
201803,10,0,35380,748971,I,3/10/2018 0:00,16,M,Vehicle/Towed Trailer,201803
201803,10,0,35381,748971,I,3/10/2018 0:00,49,M,Vehicle/Towed Trailer,201803
201803,10,0,35382,748971,I,3/10/2018 0:00,48,F,Vehicle/Towed Trailer,201803
201803,12,0,35247,740753,D,3/12/2018 0:00,47,M,Vehicle/Towed Trailer,201803
201803,22,0,35913,740496,D,3/22/2018 0:00,72,F,Vehicle/Towed Trailer,201803
201803,22,0,35914,740496,D,3/22/2018 0:00,67,M,Vehicle/Towed Trailer,201803
201803,24,0,35173,737542,D,3/24/2018 0:00,,M,In Water,201803
201803,25,0,37656,737543,D,3/25/2018 0:00,17,M,In Water,201803
201803,28,0,35277,743228,I,3/28/2018 0:00,48,M,Vehicle/Towed Trailer,201803
201804,1,0,35451,752857,I,4/1/2018 0:00,84,F,Vehicle/Towed Trailer,201804
201804,2,0,35422,750491,D,4/2/2018 0:00,,M,In Water,201804
201804,4,0,35467,753677,D,4/4/2018 0:00,36,M,Permanent Structure,201804
201804,5,0,35473,754086,D,4/5/2018 0:00,26,M,In Water,201804
201804,7,0,35240,740316,D,4/7/2018 0:00,57,M,Boating,201804
201804,7,0,35413,749643,D,4/7/2018 0:00,23,F,Unknown,201804
201804,12,0,35371,747736,D,4/12/2018 0:00,56,M,In Water,201804
201804,12,0,35410,749533,D,4/12/2018 0:00,62,F,Vehicle/Towed Trailer,201804
201804,12,0,35412,749535,D,4/12/2018 0:00,61,M,Unknown,201804
201804,13,0,35464,753636,I,4/13/2018 0:00,,M,Outside/Open Areas,201804
201804,13,0,35256,741199,I,4/13/2018 0:00,61,M,Vehicle/Towed Trailer,201804
201804,14,0,35286,743643,I,4/14/2018 0:00,30,F,Vehicle/Towed Trailer,201804
201804,14,0,35305,744130,D,4/14/2018 0:00,2,F,Mobile/Trailer Home,201804
201804,14,0,35318,745736,I,4/14/2018 0:00,57,M,Outside/Open Areas,201804
201804,15,0,35609,763646,D,4/15/2018 0:00,45,M,Boating,201804
201804,15,0,35610,763646,D,4/15/2018 0:00,31,M,Boating,201804
201804,15,0,35472,754019,I,4/15/2018 0:00,48,M,Vehicle/Towed Trailer,201804
201804,17,0,35425,751916,D,4/17/2018 0:00,,F,Under Tree,201804
201804,17,0,35446,751925,D,4/17/2018 0:00,,F,Under Tree,201804
201804,17,0,35428,751926,D,4/17/2018 0:00,,F,Under Tree,201804
201804,17,0,35438,752005,D,4/17/2018 0:00,,F,Under Tree,201804
201804,17,0,35439,752006,D,4/17/2018 0:00,,F,Under Tree,201804
201804,17,0,35440,752007,D,4/17/2018 0:00,,F,Under Tree,201804
201804,17,0,35441,752008,D,4/17/2018 0:00,,F,Under Tree,201804
201804,17,0,35442,752009,D,4/17/2018 0:00,,F,Under Tree,201804
201804,17,0,35443,752010,D,4/17/2018 0:00,,F,Under Tree,201804
201804,17,0,35444,752011,D,4/17/2018 0:00,,F,Under Tree,201804
201804,17,0,35445,752012,D,4/17/2018 0:00,,F,Under Tree,201804
201804,22,0,35572,761303,I,4/22/2018 0:00,21,M,In Water,201804
201804,23,0,35316,745735,D,4/23/2018 0:00,89,M,Outside/Open Areas,201804
201804,23,0,35317,745735,D,4/23/2018 0:00,63,M,Outside/Open Areas,201804
201804,25,0,35385,742308,D,4/25/2018 0:00,4,M,In Water,201804
201804,27,0,35313,745607,D,4/27/2018 0:00,32,M,In Water,201804
201804,29,0,35480,752985,I,4/29/2018 0:00,81,M,Vehicle/Towed Trailer,201804
201804,29,0,35481,752986,I,4/29/2018 0:00,81,M,Vehicle/Towed Trailer,201804
201805,1,0,35483,754749,I,5/1/2018 0:00,47,M,Vehicle/Towed Trailer,201805
201805,4,0,35538,743632,D,5/4/2018 0:00,36,M,Under Tree,201805
201805,5,0,35992,745602,D,5/5/2018 0:00,45,F,In Water,201805
201805,8,0,35566,744182,I,5/8/2018 0:00,36,F,Vehicle/Towed Trailer,201805
201805,8,0,35567,744182,I,5/8/2018 0:00,5,F,Vehicle/Towed Trailer,201805
201805,10,0,35491,756269,D,5/10/2018 0:00,88,M,Outside/Open Areas,201805
201805,10,0,35492,756269,I,5/10/2018 0:00,54,M,Outside/Open Areas,201805
201805,10,0,35528,757873,I,5/10/2018 0:00,1,M,Vehicle/Towed Trailer,201805
201805,10,0,35529,757873,I,5/10/2018 0:00,1,F,Vehicle/Towed Trailer,201805
201805,12,0,35602,763337,D,5/12/2018 0:00,,,Boating,201805
201805,13,0,35477,754418,D,5/13/2018 0:00,18,M,In Water,201805
201805,13,0,35478,754420,D,5/13/2018 0:00,39,M,In Water,201805
201805,13,0,35499,754422,D,5/13/2018 0:00,34,F,In Water,201805
201805,15,0,35448,747018,D,5/15/2018 0:00,0,F,Vehicle/Towed Trailer,201805
201805,15,0,36049,756478,D,5/15/2018 0:00,,F,Under Tree,201805
201805,15,0,36064,756718,D,5/15/2018 0:00,80,F,Under Tree,201805
201805,15,0,36063,783373,D,5/15/2018 0:00,,M,Under Tree,201805
201805,15,0,36065,783446,D,5/15/2018 0:00,11,F,Under Tree,201805
201805,15,0,36062,783447,D,5/15/2018 0:00,41,F,Under Tree,201805
201805,16,0,35342,746894,I,5/16/2018 0:00,1,F,Vehicle/Towed Trailer,201805
201805,16,0,35562,753726,D,5/16/2018 0:00,53,F,Outside/Open Areas,201805
201805,18,0,35424,751595,D,5/18/2018 0:00,59,M,In Water,201805
201805,19,0,35429,751955,D,5/19/2018 0:00,5,M,In Water,201805
201805,19,0,35531,758794,I,5/19/2018 0:00,57,M,Boating,201805
201805,19,0,35533,758860,D,5/19/2018 0:00,59,F,Permanent Home,201805
201805,21,0,35341,746849,D,5/21/2018 0:00,,F,In Water,201805
201805,21,0,35375,748170,I,5/21/2018 0:00,,M,Outside/Open Areas,201805
201805,23,0,39394,847160,D,5/23/2018 0:00,1,F,Vehicle/Towed Trailer,201805
201805,25,0,35430,751966,D,5/25/2018 0:00,31,M,In Water,201805
201805,25,0,35436,751979,D,5/25/2018 0:00,28,M,In Water,201805
201805,25,0,35532,758796,I,5/25/2018 0:00,50,F,Outside/Open Areas,201805
201805,26,0,35574,761444,D,5/26/2018 0:00,2,,In Water,201805
201805,27,0,35569,761126,D,5/27/2018 0:00,68,M,Vehicle/Towed Trailer,201805
201805,27,0,35559,759999,D,5/27/2018 0:00,39,M,Outside/Open Areas,201805
201805,28,0,35476,754296,D,5/28/2018 0:00,7,M,Under Tree,201805
201805,28,0,35560,760172,I,5/28/2018 0:00,36,M,Vehicle/Towed Trailer,201805
201805,28,0,35561,760172,I,5/28/2018 0:00,35,M,Vehicle/Towed Trailer,201805
201805,29,0,35493,756270,I,5/29/2018 0:00,61,M,Outside/Open Areas,201805
201805,30,0,35423,750890,D,5/30/2018 0:00,52,F,In Water,201805
201805,30,0,35549,759312,I,5/30/2018 0:00,68,M,Permanent Home,201805
201805,30,0,35550,759312,I,5/30/2018 0:00,66,F,Permanent Home,201805
201805,30,0,35554,760004,D,5/30/2018 0:00,82,M,Vehicle/Towed Trailer,201805
201805,30,0,35555,760004,D,5/30/2018 0:00,79,F,Vehicle/Towed Trailer,201805
201805,30,0,35556,760005,D,5/30/2018 0:00,43,F,In Water,201805
201805,31,0,35431,751974,D,5/31/2018 0:00,61,M,In Water,201805
201805,31,0,35539,757297,D,5/31/2018 0:00,,,Vehicle/Towed Trailer,201805
201806,1,0,35679,769097,D,6/1/2018 0:00,26,M,In Water,201806
201806,2,0,35856,745618,I,6/2/2018 0:00,32,M,Outside/Open Areas,201804
201806,3,0,35611,763714,D,6/3/2018 0:00,38,M,In Water,201806
201806,3,0,35627,766281,D,6/3/2018 0:00,,M,Unknown,201806
201806,4,0,35685,757760,D,6/4/2018 0:00,1,F,Vehicle/Towed Trailer,201806
201806,4,0,35580,762629,I,6/4/2018 0:00,65,M,Outside/Open Areas,201806
201806,4,0,35675,767809,D,6/4/2018 0:00,34,M,Outside/Open Areas,201806
201806,5,0,35581,762629,D,6/5/2018 0:00,39,M,Outside/Open Areas,201806
201806,6,0,35421,750301,D,6/6/2018 0:00,55,M,In Water,201806
201806,6,0,35582,762629,D,6/6/2018 0:00,84,M,Permanent Home,201806
201806,6,0,35680,769121,D,6/6/2018 0:00,50,M,In Water,201806
201806,6,0,35681,769121,D,6/6/2018 0:00,17,M,In Water,201806
201806,7,0,35634,767004,D,6/7/2018 0:00,53,M,Vehicle/Towed Trailer,201806
201806,8,0,35583,762629,I,6/8/2018 0:00,59,M,Vehicle/Towed Trailer,201806
201806,8,0,35677,768040,D,6/8/2018 0:00,27,M,Heavy Equipment/Construction,201806
201806,13,0,35589,762630,I,6/13/2018 0:00,57,M,Outside/Open Areas,201806
201806,13,0,35590,762630,D,6/13/2018 0:00,69,F,Outside/Open Areas,201806
201806,13,0,35591,762630,D,6/13/2018 0:00,66,M,Outside/Open Areas,201806
201806,13,0,35593,762631,D,6/13/2018 0:00,47,M,Vehicle/Towed Trailer,201806
201806,14,0,35592,762630,I,6/14/2018 0:00,79,M,Permanent Home,201806
201806,15,0,36061,771183,D,6/15/2018 0:00,55,M,Outside/Open Areas,201806
201806,15,0,35462,753635,D,6/15/2018 0:00,48,M,In Water,201806
201806,16,0,35432,751975,D,6/16/2018 0:00,67,M,In Water,201806
201806,17,0,35433,751976,D,6/17/2018 0:00,21,M,In Water,201806
201806,17,0,35461,753109,D,6/17/2018 0:00,,M,Unknown,201806
201806,17,0,35548,759145,D,6/17/2018 0:00,12,M,Permanent Home,201806
201806,17,0,35616,764786,D,6/17/2018 0:00,55,M,Camping,201806
201806,17,0,35621,765635,D,6/17/2018 0:00,75,M,Vehicle/Towed Trailer,201806
201806,18,0,35684,769873,D,6/18/2018 0:00,,M,Unknown,201806
201806,19,0,35434,751977,D,6/19/2018 0:00,15,M,In Water,201806
201806,19,0,35435,751978,D,6/19/2018 0:00,60,M,In Water,201806
201806,19,0,35576,762189,D,6/19/2018 0:00,56,M,In Water,201806
201806,19,0,35648,767341,D,6/19/2018 0:00,10,M,In Water,201806
201806,21,0,35594,762633,D,6/21/2018 0:00,52,M,Permanent Home,201806
201806,21,0,35595,762633,D,6/21/2018 0:00,59,F,Permanent Home,201806
201806,21,0,35667,767822,D,6/21/2018 0:00,31,M,Outside/Open Areas,201806
201806,22,0,35501,755021,D,6/22/2018 0:00,,,Unknown,201806
201806,23,0,35527,758147,I,6/23/2018 0:00,48,M,In Water,201806
201806,24,0,35470,753814,D,6/24/2018 0:00,33,M,Unknown,201806
201806,25,0,36824,764407,D,6/25/2018 0:00,14,M,Camping,201806
201806,25,0,35649,767342,D,6/25/2018 0:00,31,M,In Water,201806
201806,26,0,35596,762647,D,6/26/2018 0:00,97,F,Outside/Open Areas,201806
201806,27,0,35482,753974,D,6/27/2018 0:00,44,M,Boating,201806
201806,27,0,35597,762647,I,6/27/2018 0:00,73,F,Outside/Open Areas,201806
201806,28,0,36052,784181,D,6/28/2018 0:00,73,F,Under Tree,201806
201806,28,0,35465,753637,D,6/28/2018 0:00,48,M,In Water,201806
201806,28,0,35575,758846,I,6/28/2018 0:00,67,M,Vehicle/Towed Trailer,201806
201806,28,0,35598,762647,I,6/28/2018 0:00,71,F,Permanent Home,201806
201806,28,0,35678,767237,D,6/28/2018 0:00,2,M,Vehicle/Towed Trailer,201806
201806,29,0,35619,763373,D,6/29/2018 0:00,42,M,Camping,201806
201806,29,0,35790,769801,D,6/29/2018 0:00,71,M,Vehicle/Towed Trailer,201806
201806,30,0,35599,762647,I,6/30/2018 0:00,58,M,Vehicle/Towed Trailer,201806
201806,30,0,35638,767020,D,6/30/2018 0:00,66,M,Vehicle/Towed Trailer,201806
201806,30,0,35635,764991,D,6/30/2018 0:00,66,M,Vehicle/Towed Trailer,201806
201807,1,0,35486,755349,D,7/1/2018 0:00,57,F,Mobile/Trailer Home,201807
201807,1,0,35577,762222,D,7/1/2018 0:00,47,F,In Water,201807
201807,1,0,35723,773530,I,7/1/2018 0:00,53,M,Outside/Open Areas,201807
201807,2,0,35725,773530,I,7/2/2018 0:00,62,M,Unknown,201807
201807,2,0,35724,773530,D,7/2/2018 0:00,78,M,Outside/Open Areas,201807
201807,2,0,35727,773530,I,7/2/2018 0:00,61,F,Outside/Open Areas,201807
201807,2,0,35726,773530,D,7/2/2018 0:00,65,M,Vehicle/Towed Trailer,201807
201807,3,0,35901,761147,D,7/3/2018 0:00,24,M,In Water,201807
201807,3,0,35691,772286,D,7/3/2018 0:00,,F,Unknown,201807
201807,3,0,35692,772286,D,7/3/2018 0:00,,F,Unknown,201807
201807,3,0,35693,772286,D,7/3/2018 0:00,,F,Unknown,201807
201807,3,0,35694,772286,D,7/3/2018 0:00,,M,Unknown,201807
201807,3,0,35695,772286,D,7/3/2018 0:00,,M,Unknown,201807
201807,3,0,35696,772286,D,7/3/2018 0:00,,M,Unknown,201807
201807,3,0,35697,772286,D,7/3/2018 0:00,,M,Unknown,201807
201807,3,0,35698,772286,D,7/3/2018 0:00,,M,Unknown,201807
201807,3,0,35699,772288,D,7/3/2018 0:00,,M,Unknown,201807
201807,4,0,35729,773530,I,7/4/2018 0:00,52,M,Outside/Open Areas,201807
201807,4,0,35728,773530,D,7/4/2018 0:00,78,F,Permanent Home,201807
201807,4,0,36809,784380,D,7/4/2018 0:00,,M,Outside/Open Areas,201807
201807,4,0,35899,773052,D,7/4/2018 0:00,46,F,Vehicle/Towed Trailer,201807
201807,5,0,35878,754786,D,7/5/2018 0:00,,,Unknown,201807
201807,5,0,35508,755558,D,7/5/2018 0:00,,,Unknown,201807
201807,5,0,35668,756201,I,7/5/2018 0:00,72,M,Outside/Open Areas,201807
201807,5,0,35730,773530,D,7/5/2018 0:00,49,F,Permanent Home,201807
201807,5,0,35731,773531,D,7/5/2018 0:00,78,M,Outside/Open Areas,201807
201807,5,0,35565,760825,D,7/5/2018 0:00,23,M,Outside/Open Areas,201807
201807,6,0,35733,773532,D,7/6/2018 0:00,47,M,Outside/Open Areas,201807
201807,6,0,35732,773532,D,7/6/2018 0:00,78,F,Permanent Home,201807
201807,6,0,35880,774967,D,7/6/2018 0:00,78,M,Vehicle/Towed Trailer,201807
201807,6,0,36053,784196,D,7/6/2018 0:00,75,M,Outside/Open Areas,201807
201807,6,0,36022,783080,D,7/6/2018 0:00,,,Unknown,201807
201807,6,0,36792,771715,D,7/6/2018 0:00,67,M,Outside/Open Areas,201807
201807,7,0,35489,756196,D,7/7/2018 0:00,62,M,In Water,201807
201807,7,0,35734,773532,D,7/7/2018 0:00,28,M,Outside/Open Areas,201807
201807,7,0,35735,773532,D,7/7/2018 0:00,47,M,Outside/Open Areas,201807
201807,8,0,35736,773532,D,7/8/2018 0:00,84,F,Outside/Open Areas,201807
201807,9,0,35883,766986,D,7/9/2018 0:00,0,M,Mobile/Trailer Home,201807
201807,9,0,35737,773532,D,7/9/2018 0:00,60,M,Outside/Open Areas,201807
201807,10,0,35688,756300,D,7/10/2018 0:00,36,F,Vehicle/Towed Trailer,201807
201807,10,0,35689,756300,D,7/10/2018 0:00,77,M,Vehicle/Towed Trailer,201807
201807,10,0,35739,773532,D,7/10/2018 0:00,71,M,Outside/Open Areas,201807
201807,10,0,35740,773532,I,7/10/2018 0:00,46,M,Outside/Open Areas,201807
201807,10,0,35738,773532,D,7/10/2018 0:00,56,M,Permanent Home,201807
201807,10,0,37266,774393,D,7/10/2018 0:00,39,M,Under Tree,201807
201807,11,0,35622,760551,D,7/11/2018 0:00,61,M,In Water,201807
201807,11,0,35743,773534,D,7/11/2018 0:00,70,M,Outside/Open Areas,201807
201807,11,0,35744,773534,D,7/11/2018 0:00,48,M,Outside/Open Areas,201807
201807,11,0,35742,773534,D,7/11/2018 0:00,70,M,Permanent Home,201807
201807,12,0,35745,773534,D,7/12/2018 0:00,62,M,Outside/Open Areas,201807
201807,12,0,35746,773534,D,7/12/2018 0:00,28,M,Vehicle/Towed Trailer,201807
201807,13,0,35741,773533,I,7/13/2018 0:00,57,M,Outside/Open Areas,201807
201807,14,0,35670,767811,D,7/14/2018 0:00,36,M,Outside/Open Areas,201807
201807,14,0,35672,768073,D,7/14/2018 0:00,36,M,Outside/Open Areas,201807
201807,14,0,35747,773534,D,7/14/2018 0:00,61,M,Outside/Open Areas,201807
201807,14,0,35900,773285,D,7/14/2018 0:00,40,M,Under Tree,201807
201807,15,0,35748,773534,I,7/15/2018 0:00,29,M,Vehicle/Towed Trailer,201807
201807,15,0,35862,775579,D,7/15/2018 0:00,43,F,In Water,201807
201807,16,0,35749,773535,I,7/16/2018 0:00,47,M,Outside/Open Areas,201807
201807,16,0,35857,775396,I,7/16/2018 0:00,25,M,In Water,201807
201807,16,0,35711,772379,D,7/16/2018 0:00,,M,Unknown,201807
201807,16,0,35710,772380,D,7/16/2018 0:00,,M,Unknown,201807
201807,16,0,35707,772381,D,7/16/2018 0:00,,M,Unknown,201807
201807,16,0,35708,772381,D,7/16/2018 0:00,,,Unknown,201807
201807,16,0,35709,772381,D,7/16/2018 0:00,,,Unknown,201807
201807,17,0,35571,761300,D,7/17/2018 0:00,60,M,Outside/Open Areas,201807
201807,17,0,35751,773535,I,7/17/2018 0:00,59,M,Outside/Open Areas,201807
201807,17,0,35752,773535,I,7/17/2018 0:00,64,M,Outside/Open Areas,201807
201807,17,0,35750,773535,D,7/17/2018 0:00,79,F,Permanent Home,201807
201807,17,0,35714,772382,D,7/17/2018 0:00,,M,Unknown,201807
201807,17,0,35715,772382,D,7/17/2018 0:00,,M,Unknown,201807
201807,17,0,35716,772383,D,7/17/2018 0:00,,F,Unknown,201807
201807,17,0,35717,772384,D,7/17/2018 0:00,,M,Unknown,201807
201807,18,0,35753,773535,I,7/18/2018 0:00,99,F,Permanent Home,201807
201807,18,0,35858,775400,I,7/18/2018 0:00,68,M,In Water,201807
201807,19,0,35788,758037,D,7/19/2018 0:00,3,M,Vehicle/Towed Trailer,201807
201807,19,0,35551,759719,D,7/19/2018 0:00,32,M,In Water,201807
201807,19,0,35612,764060,D,7/19/2018 0:00,64,M,Outside/Open Areas,201807
201807,19,0,35754,773535,D,7/19/2018 0:00,,M,Outside/Open Areas,201807
201807,19,0,39284,775196,D,7/19/2018 0:00,69,F,Boating,201807
201807,19,0,39285,775196,D,7/19/2018 0:00,45,F,Boating,201807
201807,19,0,39286,775196,D,7/19/2018 0:00,2,M,Boating,201807
201807,19,0,39287,775196,D,7/19/2018 0:00,7,M,Boating,201807
201807,19,0,39288,775196,D,7/19/2018 0:00,9,M,Boating,201807
201807,19,0,39289,775196,D,7/19/2018 0:00,1,F,Boating,201807
201807,19,0,39290,775196,D,7/19/2018 0:00,15,M,Boating,201807
201807,19,0,39291,775196,D,7/19/2018 0:00,40,M,Boating,201807
201807,19,0,39292,775196,D,7/19/2018 0:00,53,M,Boating,201807
201807,19,0,39293,775196,D,7/19/2018 0:00,76,M,Boating,201807
201807,19,0,39294,775196,D,7/19/2018 0:00,73,M,Boating,201807
201807,19,0,39295,775196,D,7/19/2018 0:00,69,M,Boating,201807
201807,19,0,39296,775196,D,7/19/2018 0:00,65,M,Boating,201807
201807,19,0,39297,775196,D,7/19/2018 0:00,63,F,Boating,201807
201807,19,0,39298,775196,D,7/19/2018 0:00,64,F,Boating,201807
201807,19,0,39299,775196,D,7/19/2018 0:00,68,F,Boating,201807
201807,19,0,39300,775196,D,7/19/2018 0:00,70,M,Boating,201807
201807,20,0,35755,773536,D,7/20/2018 0:00,35,M,Outside/Open Areas,201807
201807,20,0,35756,773536,D,7/20/2018 0:00,50,M,Outside/Open Areas,201807
201807,21,0,35757,773536,D,7/21/2018 0:00,53,M,Outside/Open Areas,201807
201807,21,0,35879,776172,D,7/21/2018 0:00,20,M,In Water,201807
201807,22,0,35758,773536,I,7/22/2018 0:00,63,M,Outside/Open Areas,201807
201807,22,0,35888,776989,D,7/22/2018 0:00,18,M,Outside/Open Areas,201807
201807,23,0,35626,763448,D,7/23/2018 0:00,56,M,Under Tree,201807
201807,23,0,35759,773536,I,7/23/2018 0:00,75,M,Permanent Home,201807
201807,23,0,35889,776990,D,7/23/2018 0:00,19,F,Outside/Open Areas,201807
201807,24,0,36192,759483,D,7/24/2018 0:00,32,F,Permanent Home,201807
201807,24,0,35760,773537,D,7/24/2018 0:00,54,M,Outside/Open Areas,201807
201807,24,0,37677,774715,I,7/24/2018 0:00,21,M,Heavy Equipment/Construction,201807
201807,24,0,36037,783544,D,7/24/2018 0:00,,M,Outside/Open Areas,201807
201807,25,0,35761,773537,I,7/25/2018 0:00,68,M,Unknown,201807
201807,25,0,35762,773537,I,7/25/2018 0:00,75,F,Outside/Open Areas,201807
201807,25,0,35763,773537,D,7/25/2018 0:00,71,F,Permanent Home,201807
201807,25,0,35863,775581,D,7/25/2018 0:00,41,M,In Water,201807
201807,26,0,35764,773537,D,7/26/2018 0:00,56,M,Outside/Open Areas,201807
201807,26,0,35765,773537,D,7/26/2018 0:00,44,M,Outside/Open Areas,201807
201807,26,0,35766,773537,D,7/26/2018 0:00,58,M,Outside/Open Areas,201807
201807,26,0,35767,773537,D,7/26/2018 0:00,68,M,Permanent Home,201807
201807,26,0,35768,773537,I,7/26/2018 0:00,55,M,Permanent Home,201807
201807,26,0,37670,774718,D,7/26/2018 0:00,37,M,Vehicle/Towed Trailer,201807
201807,26,0,37671,774718,D,7/26/2018 0:00,5,M,Vehicle/Towed Trailer,201807
201807,26,0,37672,774718,D,7/26/2018 0:00,4,F,Vehicle/Towed Trailer,201807
201807,26,0,37673,774718,D,7/26/2018 0:00,70,F,Unknown,201807
201807,27,0,35770,773537,D,7/27/2018 0:00,41,M,Outside/Open Areas,201807
201807,27,0,35769,773537,D,7/27/2018 0:00,66,F,Permanent Home,201807
201807,27,0,37678,774723,I,7/27/2018 0:00,42,M,Under Tree,201807
201807,28,0,35773,773537,D,7/28/2018 0:00,59,M,Other,201807
201807,28,0,35771,773537,D,7/28/2018 0:00,46,M,Outside/Open Areas,201807
201807,28,0,35772,773537,D,7/28/2018 0:00,54,M,Outside/Open Areas,201807
201807,28,0,37674,774715,D,7/28/2018 0:00,,,Unknown,201807
201807,28,0,37675,774715,D,7/28/2018 0:00,81,M,Heavy Equipment/Construction,201807
201807,29,0,35579,762346,D,7/29/2018 0:00,65,M,In Water,201807
201807,29,0,35671,767811,D,7/29/2018 0:00,33,M,Under Tree,201807
201807,29,0,35673,768073,D,7/29/2018 0:00,33,M,Under Tree,201807
201807,29,0,35774,773537,D,7/29/2018 0:00,42,F,Permanent Home,201807
201807,29,0,35775,773537,D,7/29/2018 0:00,81,M,Permanent Home,201807
201807,30,0,35776,773537,D,7/30/2018 0:00,75,M,Permanent Home,201807
201808,1,0,35663,767803,D,8/1/2018 0:00,18,F,In Water,201808
201808,1,0,35719,772804,D,8/1/2018 0:00,14,M,In Water,201808
201808,1,0,35964,779162,D,8/1/2018 0:00,90,M,Mobile/Trailer Home,201808
201808,1,0,35959,779162,D,8/1/2018 0:00,36,M,Outside/Open Areas,201808
201808,1,0,35960,779162,I,8/1/2018 0:00,66,M,Outside/Open Areas,201808
201808,1,0,35962,779162,D,8/1/2018 0:00,59,M,Outside/Open Areas,201808
201808,1,0,35963,779162,I,8/1/2018 0:00,40,M,Outside/Open Areas,201808
201808,1,0,35965,779162,I,8/1/2018 0:00,33,M,Outside/Open Areas,201808
201808,1,0,35954,779162,I,8/1/2018 0:00,83,M,Permanent Home,201808
201808,1,0,35955,779162,I,8/1/2018 0:00,78,M,Permanent Home,201808
201808,1,0,35956,779162,I,8/1/2018 0:00,83,F,Permanent Home,201808
201808,1,0,35957,779162,I,8/1/2018 0:00,75,M,Permanent Home,201808
201808,1,0,35958,779162,I,8/1/2018 0:00,73,F,Permanent Home,201808
201808,1,0,35961,779162,D,8/1/2018 0:00,61,M,Permanent Structure,201808
201808,2,0,35659,767747,D,8/2/2018 0:00,47,M,In Water,201808
201808,2,0,35660,767747,D,8/2/2018 0:00,17,M,In Water,201808
201808,2,0,35966,779162,I,8/2/2018 0:00,63,M,Outside/Open Areas,201808
201808,2,0,35967,779162,D,8/2/2018 0:00,74,M,Permanent Home,201808
201808,3,0,35623,764696,I,8/3/2018 0:00,53,M,Vehicle/Towed Trailer,201808
201808,3,0,35968,779162,I,8/3/2018 0:00,55,M,Outside/Open Areas,201808
201808,4,0,35969,779162,D,8/4/2018 0:00,74,F,Permanent Home,201808
201808,5,0,37658,767750,D,8/5/2018 0:00,53,M,In Water,201808
201808,5,0,35662,767801,D,8/5/2018 0:00,30,M,In Water,201808
201808,5,0,35664,767805,D,8/5/2018 0:00,50,M,In Water,201808
201808,5,0,35971,779162,D,8/5/2018 0:00,76,M,Permanent Home,201808
201808,5,0,35970,779162,I,8/5/2018 0:00,58,M,Vehicle/Towed Trailer,201808
201808,6,0,35915,779120,D,8/6/2018 0:00,35,M,Outside/Open Areas,201808
201808,6,0,36003,782083,D,8/6/2018 0:00,69,M,Boating,201808
201808,6,0,35897,777364,D,8/6/2018 0:00,,M,Unknown,201808
201808,6,0,35898,777364,D,8/6/2018 0:00,,,Unknown,201808
201808,8,0,35916,779120,D,8/8/2018 0:00,71,F,Vehicle/Towed Trailer,201808
201808,9,0,37676,774715,I,8/9/2018 0:00,40,M,Heavy Equipment/Construction,201807
201808,9,0,35918,779120,I,8/9/2018 0:00,63,M,Outside/Open Areas,201808
201808,9,0,35917,779120,D,8/9/2018 0:00,68,M,Permanent Home,201808
201808,10,0,35924,779120,I,8/10/2018 0:00,43,F,Unknown,201808
201808,10,0,35919,779120,I,8/10/2018 0:00,50,M,Outside/Open Areas,201808
201808,10,0,35920,779120,I,8/10/2018 0:00,58,M,Outside/Open Areas,201808
201808,10,0,35921,779120,I,8/10/2018 0:00,61,M,Outside/Open Areas,201808
201808,10,0,35923,779120,I,8/10/2018 0:00,55,M,Outside/Open Areas,201808
201808,10,0,35922,779120,D,8/10/2018 0:00,86,M,Permanent Home,201808
201808,11,0,35925,779141,D,8/11/2018 0:00,53,F,Outside/Open Areas,201808
201808,12,0,35926,779141,I,8/12/2018 0:00,55,M,Outside/Open Areas,201808
201808,12,0,36001,781920,D,8/12/2018 0:00,46,M,Vehicle/Towed Trailer,201808
201808,13,0,35927,779141,I,8/13/2018 0:00,84,F,Permanent Home,201808
201808,13,0,35928,779141,I,8/13/2018 0:00,91,M,Permanent Home,201808
201808,14,0,35794,774545,D,8/14/2018 0:00,72,M,Vehicle/Towed Trailer,201808
201808,14,0,35795,774545,D,8/14/2018 0:00,39,M,Vehicle/Towed Trailer,201808
201808,14,0,35929,779141,D,8/14/2018 0:00,85,F,Outside/Open Areas,201808
201808,14,0,35930,779141,I,8/14/2018 0:00,40,F,Outside/Open Areas,201808
201808,14,0,36002,781930,D,8/14/2018 0:00,77,M,Vehicle/Towed Trailer,201808
201808,15,0,36051,776801,D,8/15/2018 0:00,41,M,Outside/Open Areas,201807
201808,15,0,35931,779141,I,8/15/2018 0:00,48,M,Outside/Open Areas,201808
201808,16,0,35932,779161,D,8/16/2018 0:00,72,M,Permanent Home,201808
201808,17,0,35896,777365,D,8/17/2018 0:00,,F,Unknown,201808
201808,18,0,35911,778966,D,8/18/2018 0:00,10,M,In Water,201808
201808,18,0,35933,779161,I,8/18/2018 0:00,66,M,Outside/Open Areas,201808
201808,18,0,36054,781581,D,8/18/2018 0:00,32,M,Outside/Open Areas,201808
201808,18,0,36029,783385,D,8/18/2018 0:00,24,F,In Water,201808
201808,19,0,35907,778759,D,8/19/2018 0:00,49,M,In Water,201808
201808,19,0,35908,778759,D,8/19/2018 0:00,47,F,In Water,201808
201808,19,0,35912,778966,D,8/19/2018 0:00,14,M,In Water,201808
201808,19,0,35934,779161,D,8/19/2018 0:00,65,M,Permanent Home,201808
201808,20,0,35853,774127,I,8/20/2018 0:00,34,M,In Water,201808
201808,20,0,35854,774128,I,8/20/2018 0:00,32,F,In Water,201808
201808,20,0,35994,775409,D,8/20/2018 0:00,70,M,Outside/Open Areas,201808
201808,20,0,35653,767467,D,8/20/2018 0:00,45,F,Mobile/Trailer Home,201808
201808,20,0,35935,779161,D,8/20/2018 0:00,90,F,Outside/Open Areas,201808
201808,24,0,35981,779874,D,8/24/2018 0:00,41,M,In Water,201808
201808,27,0,35972,779163,D,8/27/2018 0:00,79,M,Outside/Open Areas,201808
201808,28,0,35791,769782,D,8/28/2018 0:00,11,F,Vehicle/Towed Trailer,201808
201808,28,0,35895,777333,D,8/28/2018 0:00,,,Unknown,201808
201808,28,0,36097,786060,D,8/28/2018 0:00,35,M,Outside/Open Areas,201808
201808,28,0,37284,773906,D,8/28/2018 0:00,30,M,In Water,201808
201808,29,0,35973,779163,D,8/29/2018 0:00,71,M,Permanent Home,201808
201808,29,0,35974,779163,D,8/29/2018 0:00,76,M,Permanent Home,201808
201808,30,0,36009,779859,I,8/30/2018 0:00,39,M,In Water,201808
201808,30,0,36010,779859,I,8/30/2018 0:00,9,F,In Water,201808
201808,30,0,36011,779859,I,8/30/2018 0:00,5,F,In Water,201808
201808,30,0,36012,779859,I,8/30/2018 0:00,3,M,In Water,201808
201808,31,0,37315,782878,I,8/31/2018 0:00,15,M,In Water,201808
201808,31,0,35998,781091,D,8/31/2018 0:00,34,F,In Water,201808
201808,31,0,35999,781091,D,8/31/2018 0:00,67,M,Vehicle/Towed Trailer,201808
201809,2,0,36066,771912,D,9/2/2018 0:00,49,M,Outside/Open Areas,201809
201809,3,0,37660,774666,D,9/3/2018 0:00,,M,In Water,201809
201809,4,0,36162,785090,D,9/4/2018 0:00,2,F,Mobile/Trailer Home,201809
201809,6,0,36077,785023,D,9/6/2018 0:00,33,M,Outside/Open Areas,201809
201809,6,0,35781,774125,I,9/6/2018 0:00,17,M,In Water,201809
201809,7,0,36025,783402,D,9/7/2018 0:00,85,M,Permanent Home,201809
201809,7,0,36026,783402,D,9/7/2018 0:00,71,M,Permanent Home,201809
201809,7,0,36081,784008,D,9/7/2018 0:00,35,M,Vehicle/Towed Trailer,201809
201809,8,0,36137,784424,D,9/8/2018 0:00,40,M,Vehicle/Towed Trailer,201809
201809,8,0,36084,785388,D,9/8/2018 0:00,69,M,In Water,201809
201809,8,0,36087,785476,D,9/8/2018 0:00,18,F,In Water,201809
201809,8,0,36088,785476,D,9/8/2018 0:00,2,F,In Water,201809
201809,9,0,35786,773417,D,9/9/2018 0:00,9,M,In Water,201809
201809,9,0,35777,773823,D,9/9/2018 0:00,64,M,In Water,201809
201809,9,0,36027,783403,D,9/9/2018 0:00,41,M,Outside/Open Areas,201809
201809,9,0,36141,787817,D,9/9/2018 0:00,49,M,Other,201809
201809,9,0,36142,787817,D,9/9/2018 0:00,41,F,Other,201809
201809,10,0,35991,773826,D,9/10/2018 0:00,24,M,In Water,201809
201809,10,0,36091,785483,D,9/10/2018 0:00,54,F,Permanent Home,201809
201809,13,0,37925,785741,I,9/13/2018 0:00,77,M,Unknown,201809
201809,14,0,36074,784961,I,9/14/2018 0:00,61,,Permanent Home,201809
201809,14,0,36075,784961,I,9/14/2018 0:00,63,,Permanent Home,201809
201809,14,0,36129,783856,D,9/14/2018 0:00,65,M,Outside/Open Areas,201809
201809,14,0,37924,785740,I,9/14/2018 0:00,68,M,Unknown,201809
201809,14,0,36108,785715,I,9/14/2018 0:00,86,F,Permanent Home,201809
201809,14,0,36109,785715,I,9/14/2018 0:00,86,M,Permanent Home,201809
201809,14,0,36110,785716,I,9/14/2018 0:00,81,M,Unknown,201809
201809,15,0,35904,778074,D,9/15/2018 0:00,17,M,In Water,201809
201809,15,0,36140,787816,I,9/15/2018 0:00,61,F,Vehicle/Towed Trailer,201809
201809,15,0,36125,784966,D,9/15/2018 0:00,45,F,Vehicle/Towed Trailer,201809
201809,15,0,36126,784966,D,9/15/2018 0:00,43,F,Vehicle/Towed Trailer,201809
201809,15,0,36122,786489,D,9/15/2018 0:00,83,,Vehicle/Towed Trailer,201809
201809,15,0,36121,786498,D,9/15/2018 0:00,51,F,Vehicle/Towed Trailer,201809
201809,15,0,36120,786794,D,9/15/2018 0:00,71,M,Vehicle/Towed Trailer,201809
201809,15,0,36130,783860,D,9/15/2018 0:00,79,F,Outside/Open Areas,201809
201809,15,0,36131,783872,D,9/15/2018 0:00,81,M,Outside/Open Areas,201809
201809,16,0,36139,787800,D,9/16/2018 0:00,0,M,Mobile/Trailer Home,201809
201809,16,0,36144,787887,D,9/16/2018 0:00,1,M,Vehicle/Towed Trailer,201809
201809,16,0,36124,784963,D,9/16/2018 0:00,81,M,Vehicle/Towed Trailer,201809
201809,16,0,36123,784975,D,9/16/2018 0:00,23,M,Vehicle/Towed Trailer,201809
201809,16,0,36101,786266,D,9/16/2018 0:00,73,M,Vehicle/Towed Trailer,201809
201809,17,0,36028,783404,D,9/17/2018 0:00,58,M,Outside/Open Areas,201809
201809,17,0,36115,786781,D,9/17/2018 0:00,53,F,Unknown,201809
201809,17,0,36119,786922,D,9/17/2018 0:00,60,M,Business,201809
201809,17,0,36145,787914,D,9/17/2018 0:00,88,M,Vehicle/Towed Trailer,201809
201809,17,0,36094,785747,I,9/17/2018 0:00,74,M,Permanent Home,201809
201809,17,0,36095,785748,I,9/17/2018 0:00,22,F,Permanent Home,201809
201809,17,0,36106,785711,I,9/17/2018 0:00,73,M,Unknown,201809
201809,17,0,36102,786266,D,9/17/2018 0:00,65,M,Vehicle/Towed Trailer,201809
201809,17,0,36104,786268,D,9/17/2018 0:00,52,M,Vehicle/Towed Trailer,201809
201809,17,0,36107,785711,I,9/17/2018 0:00,62,M,Unknown,201809
201809,18,0,36146,787921,D,9/18/2018 0:00,46,F,Vehicle/Towed Trailer,201809
201809,18,0,36096,785756,I,9/18/2018 0:00,67,M,Outside/Open Areas,201809
201809,21,0,36098,786080,D,9/21/2018 0:00,23,M,In Water,201809
201809,22,0,36132,786315,I,9/22/2018 0:00,87,M,Unknown,201809
201809,23,0,35990,780582,D,9/23/2018 0:00,43,M,In Water,201809
201809,23,0,36138,783701,D,9/23/2018 0:00,23,F,Vehicle/Towed Trailer,201809
201809,25,0,36127,786993,I,9/25/2018 0:00,85,M,Outside/Open Areas,201809
201809,26,0,36136,787252,D,9/26/2018 0:00,61,F,Outside/Open Areas,201809
201809,28,0,35886,776881,I,9/28/2018 0:00,1,M,Vehicle/Towed Trailer,201809
201809,28,0,35887,776881,I,9/28/2018 0:00,,F,Vehicle/Towed Trailer,201809
201809,29,0,36116,786876,D,9/29/2018 0:00,27,M,Outside/Open Areas,201809
201809,30,0,36036,779523,D,9/30/2018 0:00,28,M,Outside/Open Areas,201809
201810,1,0,37281,797027,D,10/1/2018 0:00,63,M,In Water,201810
201810,3,0,35988,780430,D,10/3/2018 0:00,2,M,Outside/Open Areas,201810
201810,4,0,35987,780089,D,10/4/2018 0:00,34,M,Vehicle/Towed Trailer,201810
201810,7,0,36464,789465,D,10/7/2018 0:00,57,M,In Water,201810
201810,7,0,36465,789466,D,10/7/2018 0:00,18,M,In Water,201810
201810,7,0,36762,790600,D,10/7/2018 0:00,17,M,In Water,201810
201810,7,0,36763,790600,D,10/7/2018 0:00,18,M,In Water,201810
201810,8,0,36020,780605,D,10/8/2018 0:00,73,M,In Water,201810
201810,8,0,36202,789339,D,10/8/2018 0:00,35,M,Heavy Equipment/Construction,201810
201810,8,0,38907,788080,D,10/8/2018 0:00,63,F,Camping,201810
201810,8,0,38908,788080,D,10/8/2018 0:00,65,M,Camping,201810
201810,8,0,38909,788080,D,10/8/2018 0:00,55,M,Camping,201810
201810,8,0,38910,788080,D,10/8/2018 0:00,51,M,Camping,201810
201810,10,0,37777,790378,I,10/10/2018 0:00,48,M,Vehicle/Towed Trailer,201810
201810,10,0,37744,790426,I,10/10/2018 0:00,82,M,Permanent Home,201810
201810,10,0,36759,788692,D,10/10/2018 0:00,22,M,Vehicle/Towed Trailer,201810
201810,10,0,36815,790227,D,10/10/2018 0:00,78,F,Vehicle/Towed Trailer,201810
201810,10,0,36701,790424,D,10/10/2018 0:00,87,M,Permanent Home,201810
201810,10,0,36702,790424,D,10/10/2018 0:00,79,F,Permanent Home,201810
201810,10,0,36703,790424,D,10/10/2018 0:00,60,F,Permanent Home,201810
201810,10,0,36704,790424,D,10/10/2018 0:00,65,M,Permanent Home,201810
201810,10,0,36705,790424,D,10/10/2018 0:00,91,M,Permanent Home,201810
201810,10,0,36706,790424,D,10/10/2018 0:00,55,M,Permanent Home,201810
201810,10,0,36723,789475,I,10/10/2018 0:00,28,M,Permanent Home,201810
201810,10,0,36724,789475,I,10/10/2018 0:00,64,M,Outside/Open Areas,201810
201810,10,0,36725,789475,I,10/10/2018 0:00,43,M,Outside/Open Areas,201810
201810,10,0,36726,789475,I,10/10/2018 0:00,61,M,Outside/Open Areas,201810
201810,10,0,36727,789475,I,10/10/2018 0:00,52,M,Permanent Home,201810
201810,10,0,36728,789475,I,10/10/2018 0:00,79,F,Permanent Home,201810
201810,10,0,36729,789475,I,10/10/2018 0:00,81,M,Permanent Home,201810
201810,10,0,36730,789475,I,10/10/2018 0:00,71,M,Permanent Home,201810
201810,10,0,36731,789475,I,10/10/2018 0:00,78,M,Permanent Home,201810
201810,10,0,36732,789475,I,10/10/2018 0:00,68,M,Permanent Home,201810
201810,10,0,36733,789475,I,10/10/2018 0:00,67,M,Permanent Home,201810
201810,10,0,36734,789475,I,10/10/2018 0:00,70,M,Permanent Home,201810
201810,10,0,36735,789475,I,10/10/2018 0:00,64,M,Outside/Open Areas,201810
201810,10,0,36736,789475,I,10/10/2018 0:00,94,F,Permanent Home,201810
201810,10,0,36737,789475,I,10/10/2018 0:00,60,M,Outside/Open Areas,201810
201810,10,0,36738,789475,I,10/10/2018 0:00,64,M,Outside/Open Areas,201810
201810,10,0,36739,790425,D,10/10/2018 0:00,70,M,Vehicle/Towed Trailer,201810
201810,10,0,36740,790374,I,10/10/2018 0:00,63,M,Outside/Open Areas,201810
201810,10,0,36741,790374,I,10/10/2018 0:00,49,M,Outside/Open Areas,201810
201810,10,0,36742,790377,I,10/10/2018 0:00,82,M,Permanent Home,201810
201810,10,0,36743,790379,I,10/10/2018 0:00,48,M,Permanent Structure,201810
201810,10,0,36744,790380,I,10/10/2018 0:00,72,F,Permanent Structure,201810
201810,10,0,36745,790381,D,10/10/2018 0:00,44,M,Permanent Home,201810
201810,10,0,36746,790381,I,10/10/2018 0:00,71,M,Permanent Home,201810
201810,10,0,36747,790382,I,10/10/2018 0:00,78,M,Permanent Home,201810
201810,10,0,36748,790382,I,10/10/2018 0:00,55,M,Outside/Open Areas,201810
201810,10,0,36749,790383,I,10/10/2018 0:00,47,F,Permanent Home,201810
201810,10,0,36750,790384,D,10/10/2018 0:00,67,M,Mobile/Trailer Home,201810
201810,10,0,36751,790384,I,10/10/2018 0:00,67,M,Permanent Home,201810
201810,10,0,36752,790384,I,10/10/2018 0:00,91,M,Outside/Open Areas,201810
201810,10,0,36753,790384,I,10/10/2018 0:00,61,M,Permanent Home,201810
201810,10,0,36754,790385,I,10/10/2018 0:00,52,M,Outside/Open Areas,201810
201810,10,0,36755,790385,I,10/10/2018 0:00,62,M,Outside/Open Areas,201810
201810,10,0,36756,790385,I,10/10/2018 0:00,22,M,Outside/Open Areas,201810
201810,10,0,36757,790385,I,10/10/2018 0:00,93,M,Permanent Structure,201810
201810,10,0,36790,790398,D,10/10/2018 0:00,11,F,Permanent Home,201810
201810,11,0,36777,784992,D,10/11/2018 0:00,62,F,Vehicle/Towed Trailer,201810
201810,11,0,36778,784992,D,10/11/2018 0:00,36,M,Vehicle/Towed Trailer,201810
201810,11,0,36786,789476,D,10/11/2018 0:00,45,M,Vehicle/Towed Trailer,201810
201810,11,0,36816,790835,D,10/11/2018 0:00,53,M,Vehicle/Towed Trailer,201810
201810,11,0,36817,790835,D,10/11/2018 0:00,60,F,Vehicle/Towed Trailer,201810
201810,14,0,37382,786913,D,10/14/2018 0:00,11,M,In Water,201810
201810,14,0,37383,786913,D,10/14/2018 0:00,16,M,In Water,201810
201810,15,0,36766,790779,D,10/15/2018 0:00,1,F,Vehicle/Towed Trailer,201810
201810,16,0,36788,790530,D,10/16/2018 0:00,58,F,Vehicle/Towed Trailer,201810
201810,20,0,36649,780506,I,10/20/2018 0:00,52,M,Boating,201810
201810,20,0,36652,789972,I,10/20/2018 0:00,52,F,Vehicle/Towed Trailer,201810
201810,26,0,36004,782329,I,10/26/2018 0:00,75,F,Boating,201810
201810,28,0,36468,789505,D,10/28/2018 0:00,51,F,Other,201810
201810,28,0,36469,789505,I,10/28/2018 0:00,52,M,Other,201810
201810,31,0,36791,790873,D,10/31/2018 0:00,,M,In Water,201810
201811,1,0,36086,785299,I,11/1/2018 0:00,19,F,Vehicle/Towed Trailer,201811
201811,2,0,36797,791228,D,11/2/2018 0:00,54,M,Permanent Structure,201811
201811,2,0,36798,791228,D,11/2/2018 0:00,37,M,Permanent Structure,201811
201811,4,0,36830,792571,D,11/4/2018 0:00,46,M,In Water,201811
201811,4,0,36831,792571,D,11/4/2018 0:00,52,F,In Water,201811
201811,6,0,38955,794526,D,11/6/2018 0:00,41,F,Permanent Home,201811
201811,7,0,36832,792641,I,11/7/2018 0:00,78,M,Vehicle/Towed Trailer,201811
201811,8,0,37251,795857,D,11/8/2018 0:00,73,M,Permanent Home,201811
201811,8,0,37252,795857,D,11/8/2018 0:00,,,Vehicle/Towed Trailer,201811
201811,8,0,37253,795857,D,11/8/2018 0:00,,,Vehicle/Towed Trailer,201811
201811,8,0,37254,795858,D,11/8/2018 0:00,73,M,Permanent Home,201811
201811,8,0,37255,795858,D,11/8/2018 0:00,,,Vehicle/Towed Trailer,201811
201811,8,0,37256,795858,D,11/8/2018 0:00,,,Vehicle/Towed Trailer,201811
201811,8,0,37257,795859,D,11/8/2018 0:00,73,M,Permanent Home,201811
201811,8,0,37258,795859,D,11/8/2018 0:00,,,Vehicle/Towed Trailer,201811
201811,8,0,37259,795859,D,11/8/2018 0:00,,,Vehicle/Towed Trailer,201811
201811,8,0,37260,795860,D,11/8/2018 0:00,73,M,Permanent Home,201811
201811,8,0,37261,795860,D,11/8/2018 0:00,,,Vehicle/Towed Trailer,201811
201811,8,0,37262,795860,D,11/8/2018 0:00,,,Vehicle/Towed Trailer,201811
201811,8,0,37263,795861,D,11/8/2018 0:00,73,M,Permanent Home,201811
201811,8,0,37264,795861,D,11/8/2018 0:00,,,Vehicle/Towed Trailer,201811
201811,8,0,37265,795861,D,11/8/2018 0:00,,,Vehicle/Towed Trailer,201811
201811,8,0,37562,788675,D,11/8/2018 0:00,,,Unknown,201811
201811,8,0,37563,788675,D,11/8/2018 0:00,,,Unknown,201811
201811,8,0,37564,788675,D,11/8/2018 0:00,,,Unknown,201811
201811,8,0,37565,788675,D,11/8/2018 0:00,,,Unknown,201811
201811,8,0,37566,788675,D,11/8/2018 0:00,,,Unknown,201811
201811,8,0,37567,788675,D,11/8/2018 0:00,,,Unknown,201811
201811,8,0,37568,788675,D,11/8/2018 0:00,,,Unknown,201811
201811,8,0,37569,788675,D,11/8/2018 0:00,,,Unknown,201811
201811,8,0,37570,788675,D,11/8/2018 0:00,,,Unknown,201811
201811,8,0,37571,788675,D,11/8/2018 0:00,,,Unknown,201811
201811,8,0,37572,788675,D,11/8/2018 0:00,,,Unknown,201811
201811,8,0,37574,788675,D,11/8/2018 0:00,,,Unknown,201811
201811,8,0,37575,788675,D,11/8/2018 0:00,,,Unknown,201811
201811,8,0,37577,788675,D,11/8/2018 0:00,,,Unknown,201811
201811,8,0,37578,788675,D,11/8/2018 0:00,,,Unknown,201811
201811,8,0,37579,788675,D,11/8/2018 0:00,,,Unknown,201811
201811,8,0,37580,788675,D,11/8/2018 0:00,,,Unknown,201811
201811,8,0,37581,788675,D,11/8/2018 0:00,,,Unknown,201811
201811,8,0,37582,788675,D,11/8/2018 0:00,,,Unknown,201811
201811,8,0,37583,788675,D,11/8/2018 0:00,,,Unknown,201811
201811,8,0,37585,788675,D,11/8/2018 0:00,,,Unknown,201811
201811,8,0,37586,788675,D,11/8/2018 0:00,,,Unknown,201811
201811,8,0,37587,788675,D,11/8/2018 0:00,,,Unknown,201811
201811,8,0,37588,788675,D,11/8/2018 0:00,,,Unknown,201811
201811,8,0,37589,788675,D,11/8/2018 0:00,,,Unknown,201811
201811,8,0,37590,788675,D,11/8/2018 0:00,,,Unknown,201811
201811,8,0,37591,788675,D,11/8/2018 0:00,,,Unknown,201811
201811,8,0,37592,788675,D,11/8/2018 0:00,,,Unknown,201811
201811,8,0,37593,788675,D,11/8/2018 0:00,,,Unknown,201811
201811,8,0,37594,788675,D,11/8/2018 0:00,,,Unknown,201811
201811,8,0,37595,788675,D,11/8/2018 0:00,,,Unknown,201811
201811,8,0,37597,788675,D,11/8/2018 0:00,,,Unknown,201811
201811,8,0,37598,788675,D,11/8/2018 0:00,,,Unknown,201811
201811,8,0,37599,788675,D,11/8/2018 0:00,,,Unknown,201811
201811,8,0,37600,788675,D,11/8/2018 0:00,,,Unknown,201811
201811,8,0,37601,788675,D,11/8/2018 0:00,,,Unknown,201811
201811,8,0,37602,788675,D,11/8/2018 0:00,,,Unknown,201811
201811,8,0,37603,788675,D,11/8/2018 0:00,,,Unknown,201811
201811,8,0,37604,788675,D,11/8/2018 0:00,,,Unknown,201811
201811,8,0,37605,788675,D,11/8/2018 0:00,,,Unknown,201811
201811,8,0,37606,788675,D,11/8/2018 0:00,,,Unknown,201811
201811,8,0,37608,788675,D,11/8/2018 0:00,,,Unknown,201811
201811,8,0,37610,788675,D,11/8/2018 0:00,,,Unknown,201811
201811,8,0,37611,788675,D,11/8/2018 0:00,,,Unknown,201811
201811,8,0,37612,788675,D,11/8/2018 0:00,,,Unknown,201811
201811,8,0,37613,788675,D,11/8/2018 0:00,,,Unknown,201811
201811,8,0,37614,788675,D,11/8/2018 0:00,,,Unknown,201811
201811,8,0,37615,788675,D,11/8/2018 0:00,,,Unknown,201811
201811,8,0,37616,788675,D,11/8/2018 0:00,,,Unknown,201811
201811,8,0,37617,788675,D,11/8/2018 0:00,,,Unknown,201811
201811,8,0,37618,788675,D,11/8/2018 0:00,,,Unknown,201811
201811,8,0,37620,788675,D,11/8/2018 0:00,,,Unknown,201811
201811,8,0,37621,788675,D,11/8/2018 0:00,,,Unknown,201811
201811,8,0,37622,788675,D,11/8/2018 0:00,,,Unknown,201811
201811,8,0,37623,788675,D,11/8/2018 0:00,,,Unknown,201811
201811,8,0,37624,788675,D,11/8/2018 0:00,,,Unknown,201811
201811,8,0,37625,788675,D,11/8/2018 0:00,,,Unknown,201811
201811,8,0,37626,788675,D,11/8/2018 0:00,,,Unknown,201811
201811,8,0,37627,788675,D,11/8/2018 0:00,,,Unknown,201811
201811,8,0,37628,788675,D,11/8/2018 0:00,,,Unknown,201811
201811,8,0,37629,788675,D,11/8/2018 0:00,,,Unknown,201811
201811,8,0,37630,788675,D,11/8/2018 0:00,,,Unknown,201811
201811,8,0,37632,788675,D,11/8/2018 0:00,,,Unknown,201811
201811,8,0,37633,788675,D,11/8/2018 0:00,,,Unknown,201811
201811,8,0,37634,788675,D,11/8/2018 0:00,,,Unknown,201811
201811,8,0,37635,788675,D,11/8/2018 0:00,,,Unknown,201811
201811,8,0,37636,788675,D,11/8/2018 0:00,,,Unknown,201811
201811,8,0,37637,788675,D,11/8/2018 0:00,,,Unknown,201811
201811,8,0,37638,788675,D,11/8/2018 0:00,,,Unknown,201811
201811,8,0,37639,788675,D,11/8/2018 0:00,,,Unknown,201811
201811,8,0,37640,788675,D,11/8/2018 0:00,,,Unknown,201811
201811,8,0,37643,788675,D,11/8/2018 0:00,,,Unknown,201811
201811,8,0,37644,788675,D,11/8/2018 0:00,,,Unknown,201811
201811,8,0,37645,788675,D,11/8/2018 0:00,,,Unknown,201811
201811,8,0,37646,788675,D,11/8/2018 0:00,,,Unknown,201811
201811,8,0,37647,788675,D,11/8/2018 0:00,,,Unknown,201811
201811,8,0,37573,788675,D,11/8/2018 0:00,,,Unknown,201811
201811,8,0,37584,788675,D,11/8/2018 0:00,,,Unknown,201811
201811,8,0,37596,788675,D,11/8/2018 0:00,,,Unknown,201811
201811,8,0,37607,788675,D,11/8/2018 0:00,,,Unknown,201811
201811,8,0,37619,788675,D,11/8/2018 0:00,,,Unknown,201811
201811,8,0,37631,788675,D,11/8/2018 0:00,,,Unknown,201811
201811,8,0,37642,788675,D,11/8/2018 0:00,,,Unknown,201811
201811,8,0,37576,788675,D,11/8/2018 0:00,,,Unknown,201811
201811,8,0,37609,788675,D,11/8/2018 0:00,,,Unknown,201811
201811,8,0,37641,788675,D,11/8/2018 0:00,,,Unknown,201811
201811,9,0,36829,788886,I,11/9/2018 0:00,19,M,Vehicle/Towed Trailer,201811
201811,12,0,36068,784797,I,11/12/2018 0:00,77,M,Vehicle/Towed Trailer,201811
201811,12,0,36079,785131,D,11/12/2018 0:00,39,M,Outside/Open Areas,201811
201811,12,0,37227,784798,I,11/12/2018 0:00,62,F,Vehicle/Towed Trailer,201811
201811,14,0,36853,793520,I,11/14/2018 0:00,76,F,Vehicle/Towed Trailer,201811
201811,14,0,36854,793520,I,11/14/2018 0:00,61,F,Vehicle/Towed Trailer,201811
201811,15,0,37218,794496,I,11/15/2018 0:00,17,M,Vehicle/Towed Trailer,201811
201811,15,0,37219,794496,I,11/15/2018 0:00,26,M,Vehicle/Towed Trailer,201811
201811,15,0,37220,794496,I,11/15/2018 0:00,56,M,Vehicle/Towed Trailer,201811
201811,15,0,37221,794496,I,11/15/2018 0:00,57,M,Vehicle/Towed Trailer,201811
201811,17,0,36181,788617,I,11/17/2018 0:00,38,F,Vehicle/Towed Trailer,201811
201811,17,0,36825,792470,I,11/17/2018 0:00,48,M,Permanent Home,201811
201811,25,0,36179,786744,I,11/25/2018 0:00,78,M,Vehicle/Towed Trailer,201811
201811,25,0,36827,791728,D,11/25/2018 0:00,37,F,Outside/Open Areas,201811
201811,28,0,36470,789509,I,11/28/2018 0:00,54,M,Vehicle/Towed Trailer,201811
201811,29,0,36376,789445,I,11/29/2018 0:00,20,M,Vehicle/Towed Trailer,201811
201811,29,0,38804,824113,D,11/29/2018 0:00,61,M,Outside/Open Areas,201811
201812,1,0,37279,796756,D,12/1/2018 0:00,34,M,Permanent Structure,201812
201812,1,0,36843,792844,I,12/1/2018 0:00,21,M,Vehicle/Towed Trailer,201812
201812,5,0,36846,793215,I,12/5/2018 0:00,31,M,Vehicle/Towed Trailer,201812
201812,7,0,36807,791375,D,12/7/2018 0:00,,M,In Water,201812
201812,7,0,37267,796017,D,12/7/2018 0:00,62,F,Vehicle/Towed Trailer,201812
201812,7,0,37268,796017,D,12/7/2018 0:00,63,M,Vehicle/Towed Trailer,201812
201812,9,0,36814,788762,I,12/9/2018 0:00,,M,Outside/Open Areas,201812
201812,11,0,36200,789327,I,12/11/2018 0:00,61,M,Vehicle/Towed Trailer,201812
201812,11,0,37277,792153,I,12/11/2018 0:00,49,F,Vehicle/Towed Trailer,201812
201812,12,0,36784,790889,I,12/12/2018 0:00,27,M,Outside/Open Areas,201812
201812,13,0,36194,789116,I,12/13/2018 0:00,,M,Unknown,201812
201812,13,0,36808,791378,D,12/13/2018 0:00,,F,In Water,201812
201812,19,0,39243,794225,I,12/19/2018 0:00,32,M,Vehicle/Towed Trailer,201812
201812,19,0,39244,794225,I,12/19/2018 0:00,30,M,Vehicle/Towed Trailer,201812
201812,21,0,37378,800730,D,12/21/2018 0:00,22,F,In Water,201812
201812,22,0,37318,798159,D,12/22/2018 0:00,31,M,Outside/Open Areas,201812
201812,24,0,37216,794523,I,12/24/2018 0:00,61,M,Outside/Open Areas,201812
201812,25,0,36765,790714,D,12/25/2018 0:00,74,F,Outside/Open Areas,201812
201812,25,0,36803,791367,D,12/25/2018 0:00,,,Outside/Open Areas,201812
201812,25,0,36804,791367,D,12/25/2018 0:00,,M,Outside/Open Areas,201812
201812,26,0,37370,792845,D,12/26/2018 0:00,58,F,Camping,201812
201812,27,0,37297,797462,I,12/27/2018 0:00,,,Vehicle/Towed Trailer,201812
201812,28,0,37375,799751,D,12/28/2018 0:00,27,M,In Water,201812
201812,28,0,37291,797347,I,12/28/2018 0:00,78,F,Vehicle/Towed Trailer,201812
201812,28,0,37367,798906,D,12/28/2018 0:00,30,F,Camping,201812
201812,29,0,37289,797280,I,12/29/2018 0:00,51,M,Outside/Open Areas,201812
201812,30,0,37846,807380,I,12/30/2018 0:00,20,F,Vehicle/Towed Trailer,201812
201812,31,0,37293,791617,D,12/31/2018 0:00,63,F,Vehicle/Towed Trailer,201812
201812,31,0,36837,792067,I,12/31/2018 0:00,12,M,Vehicle/Towed Trailer,201812
201812,31,0,36821,792166,D,12/31/2018 0:00,,M,Boating,201812
201812,31,0,37328,793808,D,12/31/2018 0:00,19,F,Vehicle/Towed Trailer,201812
